"topic","theme","n_comments","n_posts"
1,"Individuals sharing personal experiences with symptoms, seeking diagnosis, and discussing isolation concerns amid limited testing and medical support for suspected cases",727,127
2,"Global spread of mpox, vaccine inequity, stigma toward affected groups, and frustration with public health responses",716,78
3,"Mixed public reactions to mpox, comparisons to COVID-19, and debates over vaccine efficacy, transmission risks, and government handling",865,80
4,"Challenges accessing treatments like TPOXX, vaccine logistics, and personal accounts of severe symptoms and recovery",809,39
5,"Discussions on mpox reinfection, vaccine skepticism, and the disease's impact beyond the MSM community, including women and children",739,75
6,"Scientific and social debates about transmission modes (e.g., sexual vs. non-sexual), misdiagnosis concerns, and political mismanagement",659,119
7,"Widespread frustration with institutional failures, racial disparities in vaccine access, and calls for urgent global action as cases rise",611,203
8,"Alarm over rising pediatric cases, zoonotic risks, and criticism of public messaging downplaying the threat",465,371
9,"Anxiety about uncontrolled spread, legal and workplace challenges for infected individuals, and critiques of public health complacency.",980,77
